Rank,Name,Sport,Gold,Silver,Bronze,Total
1,KRYPAK Maksym,Swimming,5,1,1,7
2,BOKI Ihar,Swimming,5,0,0,5
3,HUG Marcel,Athletics,4,0,0,4
3,LU Dong,Swimming,4,0,0,4
3,ZHENG Tao,Swimming,4,0,0,4
6,LONG Jessica,Swimming,3,2,1,6
7,DUNN Reece,Swimming,3,1,1,5
7,GOMES SANTIAGO Maria Carolina,Swimming,3,1,1,5
9,MARTIN William,Swimming,3,1,0,4
9,MAYHUGH Nick,Athletics,3,1,0,4
9,SHABALINA Valeriia,Swimming,3,1,0,4
12,ZHDANOV Roman,Swimming,3,0,2,5
13,DORSMAN Rogier,Swimming,3,0,0,3
13,DURAND ELIAS Omara,Athletics,3,0,0,3
13,KALINA Andrei,Swimming,3,0,0,3
13,PAEYO Pongsakorn,Athletics,3,0,0,3
13,PEARSON Lee,Equestrian,3,0,0,3
13,SALEI Raman,Swimming,3,0,0,3
13,TAN Shumei,Wheelchair Fencing,3,0,0,3
13,WEN Xiaoyan,Athletics,3,0,0,3
21,TRUSOV Andrii,Swimming,2,3,1,6
22,SCHAER Manuela,Athletics,2,3,0,5
23,GILLI Carlotta,Swimming,2,2,1,5
23,MERESHKO Yelyzaveta,Swimming,2,2,1,5
23,TERZI Giulia,Swimming,2,2,1,5
23,ZIJDERVELD Chantalle,Swimming,2,2,1,5
27,FIRTH Bethany,Swimming,2,2,0,4
27,TRIMI Arjola,Swimming,2,2,0,4
29,RIVARD Aurelie,Swimming,2,1,2,5
30,JIA Hongguang,Swimming,2,1,1,4
30,JIANG Yuyan,Swimming,2,1,1,4
30,PASCOE Sophie,Swimming,2,1,1,4
30,RONG Jing,Wheelchair Fencing,2,1,1,4
34,BOCCIARDO Francesco,Swimming,2,1,0,3
34,CROTHERS Rowan,Swimming,2,1,0,3
34,DADAON Ami Omer,Swimming,2,1,0,3
34,dos SANTOS ARAUJO Gabriel Geraldo,Swimming,2,1,0,3
34,LEANI RATRI Oktila,Badminton,2,1,0,3
34,LIU Cuiqing,Athletics,2,1,0,3
34,MA Jia,Swimming,2,1,0,3
34,NIKOLAEV Andrei,Swimming,2,1,0,3
34,POPHAM Ben,Swimming,2,1,0,3
34,SUN Gang,Wheelchair Fencing,2,1,0,3
34,VERA ANDRADE Lisbeli Marina,Athletics,2,1,0,3
34,VOETS Sanne,Equestrian,2,1,0,3
34,WEGGEMANN Mallory,Swimming,2,1,0,3
34,ZHANG Li,Swimming,2,1,0,3
48,BIAN Jing,Wheelchair Fencing,2,0,1,3
48,de ROZARIO Madison,Athletics,2,0,1,3
48,MALYAR Mark,Swimming,2,0,1,3
48,TRUNNELL Roxanne,Equestrian,2,0,1,3
48,van GANSEWINKEL Marlene,Athletics,2,0,1,3
48,van GASS Jaco,Cycling Track,2,0,1,3
48,ZHOU Zhaoqian,Athletics,2,0,1,3
55,ANDREJCIK Samuel,Boccia,2,0,0,2
55,ASPDEN Hannah,Swimming,2,0,0,2
55,CHEN Jianxin,Cycling Road,2,0,0,2
55,CHEN Minyi,Archery,2,0,0,2
55,COCKROFT Hannah,Athletics,2,0,0,2
55,COX Kadeena,Cycling Track,2,0,0,2
55,de GROOT Diede,Wheelchair Tennis,2,0,0,2
55,DUNLEVY Katie-George,Cycling Road,2,0,0,2
55,FENG Panfeng,Table Tennis,2,0,0,2
55,FENG Yanke,Wheelchair Fencing,2,0,0,2
55,GEORGE Michele,Equestrian,2,0,0,2
55,GRISWOLD Robert,Swimming,2,0,0,2
55,GU Haiyan,Wheelchair Fencing,2,0,0,2
55,HE Zihao,Archery,2,0,0,2
55,JACQUES Yeltsin,Athletics,2,0,0,2
55,JENKINS Mikaela,Swimming,2,0,0,2
55,JORGENSEN Tobias Thorning,Equestrian,2,0,0,2
55,KTILA Walid,Athletics,2,0,0,2
55,KUZYUKOV Alexander,Wheelchair Fencing,2,0,0,2
55,LAMIRAULT Fabien,Table Tennis,2,0,0,2
55,LI Hao,Wheelchair Fencing,2,0,0,2
55,LIU Jing,Table Tennis,2,0,0,2
55,LIU Li,Athletics,2,0,0,2
55,LIU Yu,Swimming,2,0,0,2
55,MAHLANGU Ntando,Athletics,2,0,0,2
55,MAJUNKE Jana,Cycling Road,2,0,0,2
55,MAO Jingdian,Table Tennis,2,0,0,2
55,MASTERS Oksana,Cycling Road,2,0,0,2
55,McGRATH Curtis,Canoe Sprint,2,0,0,2
55,MOZGOVOI Bogdan,Swimming,2,0,0,2
55,PLAT Jetze,Cycling Road,2,0,0,2
55,QU Zimo,Badminton,2,0,0,2
55,RISTIC Dragan,Shooting,2,0,0,2
55,SAFRONOV Dmitrii,Athletics,2,0,0,2
55,SATO Tomoki,Athletics,2,0,0,2
55,SATOMI Sarina,Badminton,2,0,0,2
55,SHALABI Iyad,Swimming,2,0,0,2
55,SHI Yiting,Athletics,2,0,0,2
55,STICKNEY Morgan,Swimming,2,0,0,2
55,STOREY Sarah,Cycling Road,2,0,0,2
55,SUGIURA Keiko,Cycling Road,2,0,0,2
55,SUMMERS-NEWTON Maisie,Swimming,2,0,0,2
55,TLILI Raoua,Athletics,2,0,0,2
55,VALIZE Mitch,Cycling Road,2,0,0,2
55,WATSON Benjamin,Cycling Road,2,0,0,2
55,XUE Juan,Table Tennis,2,0,0,2
55,YAN Shuo,Table Tennis,2,0,0,2
55,YIP Pin Xiu,Swimming,2,0,0,2
55,ZHANG Bian,Table Tennis,2,0,0,2
55,ZHAO Shuai,Table Tennis,2,0,0,2
55,ZHOU Xia,Athletics,2,0,0,2
55,ZHOU Ying,Table Tennis,2,0,0,2
55,ZOU Lijuan,Athletics,2,0,0,2
108,RAIMONDI Stefano,Swimming,1,4,2,7
109,FANTIN Antonio,Swimming,1,3,1,5
110,SUZUKI Takayuki,Swimming,1,2,2,5
110,WANG Lichao,Swimming,1,2,2,5
112,BANDEIRA Gabriel,Swimming,1,2,1,4
112,BARLAAM Simone,Swimming,1,2,1,4
112,CRISPIN CORZO Nelson,Swimming,1,2,1,4
112,PIKALOVA Daria,Swimming,1,2,1,4
116,ABARZA Alberto,Swimming,1,2,0,3
116,BAKER Natasha,Equestrian,1,2,0,3
116,HU Daoliang,Wheelchair Fencing,1,2,0,3
116,ISHCHIULOVA Viktoriia,Swimming,1,2,0,3
116,KONKOLY Zsofia,Swimming,1,2,0,3
116,MALONE Noah,Athletics,1,2,0,3
116,MARTIN Raymond,Athletics,1,2,0,3
116,MASON Brittni,Athletics,1,2,0,3
116,MAZZONE Luca,Cycling Road,1,2,0,3
116,PAP Bianka,Swimming,1,2,0,3
116,VDOVIN Andrei,Athletics,1,2,0,3
116,ZHOU Yanfei,Swimming,1,2,0,3
128,CAI Liwen,Swimming,1,1,2,4
128,PALAZZO Xenia Francesca,Swimming,1,1,2,4
128,SERRANO ZARATE Carlos Daniel,Swimming,1,1,2,4
131,BELARMINO PEREIRA Wendell,Swimming,1,1,1,3
131,FERNANDEZ INFANTE Marta,Swimming,1,1,1,3
131,GILLIVER Piers,Wheelchair Fencing,1,1,1,3
131,HANCE Benjamin James,Swimming,1,1,1,3
131,JIANG Fenfen,Athletics,1,1,1,3
131,JOUANNY Florian,Cycling Road,1,1,1,3
131,LI Guizhi,Swimming,1,1,1,3
131,LI Zhangyu,Cycling Track,1,1,1,3
131,LOPEZ DIAZ Diego,Swimming,1,1,1,3
131,MARKS Elizabeth,Swimming,1,1,1,3
131,McFADDEN Tatyana,Athletics,1,1,1,3
131,OSTAPCHENKO Denys,Swimming,1,1,1,3
131,YUAN Weiyi,Swimming,1,1,1,3
144,ALCOTT Dylan,Wheelchair Tennis,1,1,0,2
144,ATHMANI Skander Djamil,Athletics,1,1,0,2
144,CAO Ningning,Table Tennis,1,1,0,2
144,CHENG Hefang,Badminton,1,1,0,2
144,COAN McKenzie,Swimming,1,1,0,2
144,CUNDY Jody,Cycling Track,1,1,0,2
144,da SILVA Alessandro Rodrigo,Athletics,1,1,0,2
144,DORRIS Danielle,Swimming,1,1,0,2
144,DRAHONINSKY David,Archery,1,1,0,2
144,GENYN Peter,Athletics,1,1,0,2
144,GONTAR Anastasiia,Swimming,1,1,0,2
144,GRANICHKA Andrei,Swimming,1,1,0,2
144,GUITY GUITY Sherman Isidro,Athletics,1,1,0,2
144,HILTROP Natascha,Shooting,1,1,0,2
144,HUANG Wenjuan,Table Tennis,1,1,0,2
144,HUANG Xing,Shooting,1,1,0,2
144,IGLESIAS FORNEIRO Adiaratou,Athletics,1,1,0,2
144,KEARNEY Tully,Swimming,1,1,0,2
144,KIMURA Keiichi,Swimming,1,1,0,2
144,KOZAKOWSKA Roza,Athletics,1,1,0,2
144,KRIVSHINA Anna,Swimming,1,1,0,2
144,LEAUTE Alexandre,Cycling Track,1,1,0,2
144,LEI Li Na,Table Tennis,1,1,0,2
144,LIU Yutong,Badminton,1,1,0,2
144,MAZUR Lucas,Badminton,1,1,0,2
144,MI Na,Athletics,1,1,0,2
144,MOSKALENKO Anastasiia,Athletics,1,1,0,2
144,OLAD Mahdi,Athletics,1,1,0,2
144,PAENG-NUEA Athiwat,Athletics,1,1,0,2
144,PIISPANEN Toni,Athletics,1,1,0,2
144,SCHRODER Sam,Wheelchair Tennis,1,1,0,2
144,SERBIN Mykhailo,Swimming,1,1,0,2
144,SHABUROV Maxim,Wheelchair Fencing,1,1,0,2
144,STRENG Felix,Athletics,1,1,0,2
144,TARASOV Denis,Swimming,1,1,0,2
144,ter SCHURE Vincent,Cycling Road,1,1,0,2
144,TOWNSEND Roderick,Athletics,1,1,0,2
144,TURNER James,Athletics,1,1,0,2
144,VALIYEVA Lamiya,Athletics,1,1,0,2
144,van ZON Kelly,Table Tennis,1,1,0,2
144,VIO Beatrice Maria,Wheelchair Fencing,1,1,0,2
144,VONGSA Watcharaphon,Boccia,1,1,0,2
144,WELLS Sophie,Equestrian,1,1,0,2
144,WIGGS Emma,Canoe Sprint,1,1,0,2
144,YANG Qian,Table Tennis,1,1,0,2
144,ZEYEN Annika,Cycling Road,1,1,0,2
144,ZHANG Cuiping,Shooting,1,1,0,2
144,ZHOU Jingjing,Wheelchair Fencing,1,1,0,2
144,ZHU Dening,Athletics,1,1,0,2
144,ZOU Liankang,Swimming,1,1,0,2
194,APPLEGATE Jessica-Jane,Swimming,1,0,2,3
194,DUBROV Denys,Swimming,1,0,2,3
194,GLOCK Talisson Henrique,Swimming,1,0,2,3
194,HERNANDEZ HERNANDEZ Jesus,Swimming,1,0,2,3
198,ABLINGER Walter,Cycling Road,1,0,1,2
198,ABRAHAM GEBRU Daniel,Cycling Road,1,0,1,2
198,AUSTIN Evan,Swimming,1,0,1,2
198,AVE Lindy,Athletics,1,0,1,2
198,BOHODAIKO Yevhenii,Swimming,1,0,1,2
198,CABELLO LLAMAS Alfonso,Cycling Track,1,0,1,2
198,DEBRUNNER Catherine,Athletics,1,0,1,2
198,DI Dongdong,Athletics,1,0,1,2
198,FERREIRA dos SANTOS Petrucio,Athletics,1,0,1,2
198,FLOORS Johannes,Athletics,1,0,1,2
198,GARROTE MUNOZ Sergio,Cycling Road,1,0,1,2
198,JANSEN Jennette,Cycling Road,1,0,1,2
198,KAJIWARA Daiki,Badminton,1,0,1,2
198,LEKHARA Avani,Shooting,1,0,1,2
198,LEMOS RIVAS Jose Gregorio,Athletics,1,0,1,2
198,LEVY Matthew,Swimming,1,0,1,2
198,LIAO Keli,Table Tennis,1,0,1,2
198,LLOVERAS Alexandre,Cycling Road,1,0,1,2
198,METELKA Jozef,Cycling Track,1,0,1,2
198,OVSII Zoia,Athletics,1,0,1,2
198,PAGONIS Anastasia,Swimming,1,0,1,2
198,PARTYKA Natalia,Table Tennis,1,0,1,2
198,PAVLOVA Mariia,Swimming,1,0,1,2
198,PEK Karolina,Table Tennis,1,0,1,2
198,PELENDRITOU Karolina,Swimming,1,0,1,2
198,PENG Weinan,Table Tennis,1,0,1,2
198,ROMANCHUK Daniel,Athletics,1,0,1,2
198,RUSSELL Hannah,Swimming,1,0,1,2
198,SCARONI Susannah,Athletics,1,0,1,2
198,SKALIUKH Alexander,Swimming,1,0,1,2
198,SOTNIKOV Vladimir,Swimming,1,0,1,2
198,STETSENKO Anna,Swimming,1,0,1,2
198,SUGIMURA Hidetaka,Boccia,1,0,1,2
198,VINK Niels,Wheelchair Tennis,1,0,1,2
198,YAMAZAKI Yuma,Badminton,1,0,1,2
198,YAO Cuan,Swimming,1,0,1,2
198,ZHAI Xiang,Table Tennis,1,0,1,2
198,ZHANG Miao,Table Tennis,1,0,1,2
236,LAKATOS Brent,Athletics,0,4,0,4
237,BOTURCHUK Oksana,Athletics,0,3,0,3
237,VERGNAUD Loic,Cycling Road,0,3,0,3
239,BEGGIATO Luigi,Swimming,0,2,1,3
239,CLIFFORD Jaryd,Athletics,0,2,1,3
239,HODGE Timothy,Swimming,0,2,1,3
239,HOSMAR Frank,Equestrian,0,2,1,3
239,TOMITA Uchu,Swimming,0,2,1,3
239,ZHOU Hongzhuan,Athletics,0,2,1,3
245,ADENEGAN Kare,Athletics,0,2,0,2
245,BAYLEY William,Table Tennis,0,2,0,2
245,BECK Anna,Cycling Road,0,2,0,2
245,BENSUSAN Irmgard,Athletics,0,2,0,2
245,BRUINSMA Liesette,Swimming,0,2,0,2
245,CAIRONI Martina,Athletics,0,2,0,2
245,DEMENTYEV Yehor,Cycling Road,0,2,0,2
245,DIDUKH Viktor,Table Tennis,0,2,0,2
245,FEDOTA Olena,Wheelchair Fencing,0,2,0,2
245,FRUEHWIRTH Thomas,Cycling Road,0,2,0,2
245,GONCHAROVA Margarita,Athletics,0,2,0,2
245,HOLT Isis,Athletics,0,2,0,2
245,KIM Hyeon Uk,Table Tennis,0,2,0,2
245,KIM Jung Jun,Badminton,0,2,0,2
245,KIM Young-Gun,Table Tennis,0,2,0,2
245,KOL Anton,Swimming,0,2,0,2
245,LANE-WRIGHT Crystal,Cycling Road,0,2,0,2
245,LEGNANTE Assunta,Athletics,0,2,0,2
245,MA Lin,Table Tennis,0,2,0,2
245,MUSILOVA Sarka,Archery,0,2,0,2
245,PONCE BERTRAN Antoni,Swimming,0,2,0,2
245,PUCH Pepo,Equestrian,0,2,0,2
245,ROBERTS Jaleen,Athletics,0,2,0,2
245,SCHMIDBERGER Thomas,Table Tennis,0,2,0,2
245,SEO Su Yeon,Table Tennis,0,2,0,2
245,SIMPLICIO da SILVA Thalita Vitoria,Athletics,0,2,0,2
245,SNIKUS Rihards,Equestrian,0,2,0,2
245,SUN Bianbian,Cycling Road,0,2,0,2
245,TSVIETOV Ihor,Athletics,0,2,0,2
245,YAMADA Miyuki,Swimming,0,2,0,2
275,COUTYA Dimitri,Wheelchair Fencing,0,1,3,4
275,KRUGER Lisa,Swimming,0,1,3,4
277,CLEGG Stephen,Swimming,0,1,2,3
277,TIAN Jianquan,Wheelchair Fencing,0,1,2,3
277,VERAKSA Maksym,Swimming,0,1,2,3
280,AITCHISON Danielle,Athletics,0,1,1,2
280,ALHAMMADI Mohamed,Athletics,0,1,1,2
280,ALIEVA Maliak,Table Tennis,0,1,1,2
280,BEECROFT Emily,Swimming,0,1,1,2
280,BOYKOVA Viktoria,Wheelchair Fencing,0,1,1,2
280,BREUS Yevheniia,Wheelchair Fencing,0,1,1,2
280,BUTKOVA Nataliia,Swimming,0,1,1,2
280,CELEN Tim,Cycling Road,0,1,1,2
280,CHA Soo Yong,Table Tennis,0,1,1,2
280,CHENG Jiao,Swimming,0,1,1,2
280,COCHRANE Blake,Swimming,0,1,1,2
280,COETZEE Louzanne,Athletics,0,1,1,2
280,COLE Ellie,Swimming,0,1,1,2
280,COSTA ALEXANDRE Bruna,Table Tennis,0,1,1,2
280,CZUPER Rafal,Table Tennis,0,1,1,2
280,DADZITE Diana,Athletics,0,1,1,2
280,DAI Yunqiang,Athletics,0,1,1,2
280,DIDIER Ugo,Swimming,0,1,1,2
280,DREOCK KAESER Angelika,Cycling Road,0,1,1,2
280,EGBERINK Tom,Wheelchair Tennis,0,1,1,2
280,EMELIANTSEV Viacheslav,Swimming,0,1,1,2
280,FIDDES Louise,Swimming,0,1,1,2
280,GARASHCHENKO Kyrylo,Swimming,0,1,1,2
280,GASCON Sarai,Swimming,0,1,1,2
280,HUA Dongdong,Swimming,0,1,1,2
280,JEBABLI Rouay,Athletics,0,1,1,2
280,JIMENEZ SANCHEZ Darian Faisury,Athletics,0,1,1,2
280,KAMIJI Yui,Wheelchair Tennis,0,1,1,2
280,KARABARDAK Paul,Table Tennis,0,1,1,2
280,KINGHORN Samantha,Athletics,0,1,1,2
280,KOVALCHUK Vasyl,Shooting,0,1,1,2
280,KURBANOVA Nurkhon,Athletics,0,1,1,2
280,LAM-WATSON Oliver,Wheelchair Fencing,0,1,1,2
280,LEE Dong Seop,Badminton,0,1,1,2
280,LEE Mi Gyu,Table Tennis,0,1,1,2
280,LEUNG Yuk Wing,Boccia,0,1,1,2
280,LI Yingli,Athletics,0,1,1,2
280,MA Huihui,Badminton,0,1,1,2
280,MADSEN Cheri,Athletics,0,1,1,2
280,MARQUES SOTO Nuria,Swimming,0,1,1,2
280,NIKOLENKO Maksym,Table Tennis,0,1,1,2
280,PARK Jin Cheol,Table Tennis,0,1,1,2
280,PARK Jinho,Shooting,0,1,1,2
280,PATTERSON Grant,Swimming,0,1,1,2
280,PEACOCK Jonnie,Athletics,0,1,1,2
280,POLYCHRONIDIS Grigorios,Boccia,0,1,1,2
280,POOKKHAM Sujirat,Badminton,0,1,1,2
280,PORTAL Alex,Swimming,0,1,1,2
280,REID Gordon,Wheelchair Tennis,0,1,1,2
280,SAFONOVA Viktoriia,Table Tennis,0,1,1,2
280,SCHAEFER Leon,Athletics,0,1,1,2
280,SINGHRAJ,Shooting,0,1,1,2
280,STEDMAN William,Athletics,0,1,1,2
280,STORM Ruby,Swimming,0,1,1,2
280,SUZUKI Ayako,Badminton,0,1,1,2
280,TAKKEN Bas,Swimming,0,1,1,2
280,TIRSEK Francek Gorazd,Shooting,0,1,1,2
280,van der HORST Rixt,Equestrian,0,1,1,2
280,VINCENT Isabella,Swimming,0,1,1,2
280,WADA Shinya,Athletics,0,1,1,2
280,WHILEY Jordanne,Wheelchair Tennis,0,1,1,2
280,XIONG Guiyan,Table Tennis,0,1,1,2
280,YIN Menglu,Badminton,0,1,1,2
280,YOON Jiyu,Table Tennis,0,1,1,2
280,YOUNG Colleen,Swimming,0,1,1,2
280,ZHAO Lixue,Archery,0,1,1,2
346,BOGGIONI Monica,Swimming,0,0,3,3
346,DANILENKO Vladimir,Swimming,0,0,3,3
346,de FARIA DIAS Daniel,Swimming,0,0,3,3
346,SCHOTT Verena,Swimming,0,0,3,3
350,BARNEOUD Anne,Table Tennis,0,0,2,2
350,BETTELLA Francesco,Swimming,0,0,2,2
350,CHEBANIKA Raisa,Table Tennis,0,0,2,2
350,CLAEYS Manon,Equestrian,0,0,2,2
350,CROSBY Kym,Athletics,0,0,2,2
350,DANA Alicia,Cycling Road,0,0,2,2
350,DEDEKIND Katja,Swimming,0,0,2,2
350,GAFFNEY Julia,Swimming,0,0,2,2
350,GRECO Paige,Cycling Road,0,0,2,2
350,GRITSCH Alexander,Cycling Road,0,0,2,2
350,HABSCH Roger,Athletics,0,0,2,2
350,JANNERING Louise,Cycling Road,0,0,2,2
350,KALASHIAN Artem,Athletics,0,0,2,2
350,KAMKASOMPHOU Thu,Table Tennis,0,0,2,2
350,KHONGRAK Putharet,Athletics,0,0,2,2
350,LEAUTE Alexandre,Cycling Road,0,0,2,2
350,LYLE Maria,Athletics,0,0,2,2
350,MAI Ivan,Table Tennis,0,0,2,2
350,MORGANTI Sara,Equestrian,0,0,2,2
350,SHCHETNIK Iryna,Shooting,0,0,2,2
350,SHISHOVA Iuliia,Swimming,0,0,2,2
350,STEPHENS Keira,Swimming,0,0,2,2
350,SUGINO Akiko,Badminton,0,0,2,2
350,TAPIA Oney,Athletics,0,0,2,2
350,TEIXEIRA de SOUZA SILVA Joao Victor,Athletics,0,0,2,2
350,THOMAS KANE Tiffany,Swimming,0,0,2,2
350,THOMAS Maxime,Table Tennis,0,0,2,2
350,UEYONABARU Hirokazu,Athletics,0,0,2,2
350,WILSON Georgia,Equestrian,0,0,2,2
350,WU Chunyan,Archery,0,0,2,2
350,YANG Bozun,Swimming,0,0,2,2
350,YANG Guanglong,Swimming,0,0,2,2
